[{
    "message": "Lorem ipsum dolor sit amet",
    "img": "img/profile.png",
    "received": true
}, {
    "message": "Lorem ipsum dolor sit amet",
    "img": "img/profile.png",
    "received": false
}, {
    "message": "Lorem ipsum dolor sit amet",
    "img": "img/profile.png",
    "received": false
}, {
    "message": "Lorem ipsum dolor sit amet",
    "img": "img/profile.png",
    "received": true
}, {
    "message": "Lorem ipsum dolor sit amet",
    "img": "img/profile.png",
    "received": true
}, {
    "message": "Lorem ipsum dolor sit amet",
    "img": "img/profile.png",
    "received": false
}, {
    "message": "Lorem ipsum dolor sit amet",
    "img": "img/profile.png",
    "received": true
}]