[{"firstname":"Alessandro","lastname":"Pasqualini","username":"ale","email":"alessandro@test.it","password":"Wooo"},{"firstname":"","lastname":"","username":"","email":"","password":""},{"firstname":"","lastname":"","username":"","email":"","password":""},{"firstname":"","lastname":"","username":"","email":"","password":""},{"firstname":"","lastname":"","username":"","email":"","password":""},{"firstname":"ALe1","lastname":"Pas1","username":"ale122222222","email":"test@test.it","password":"pass"},{"firstname":"A","lastname":"4","username":"ale122222222","email":"test@test.it","password":"pass"},{"firstname":"A","lastname":"4","username":"ale122222222","email":"test@test.it","password":"pass"},{"firstname":"d","lastname":"a","username":"ale122222222","email":"alessandro@perspectiveweb.it","password":"pass"},{"firstname":"A","lastname":"4","username":"ale122222222","email":"alessandro@perspectiveweb.it","password":"pass"},{"firstname":"A","lastname":"4","username":"ale122222222","email":"alessandro@perspectiveweb.it","password":"pass"}]